{"s": 0.37096415453071296, "c": 0.5786676450525645}