{"s": 0.33825000000000005, "c": 0.6581250000000001}