{"s": 0.3081519980858356, "c": 0.5012598226938403}