{"s": 0.3258206609350675, "c": 0.5991756068626273}