{"s": 0.33561441102171147, "c": 0.6488892598332713}